slug,name,address
tekka-place,Tekka Place,"2 Serangoon Road, S(218227)"
25-lorong-8-toa-payoh,25 Lorong 8 Toa Payoh,"25 Lorong 8 Toa Payoh, Singapore 319263"
scape,*Scape,2 Orchard Link Singapore 237978
12-tai-seng-link,12 Tai Seng Link,12 Tai Seng Link Singapore 534233
18-new-industrial-road,18 New Industrial Road,18 New Industrial Road Singapore 536205
35-43-kranji-way,35-43 Kranji Way,43 Kranji Way Singapore 739448
351-on-braddell,351 on Braddell,351 Braddell Road Singapore 579713
15-changi-business-park,15 Changi Business Park,15 Changi Business Park Singapore 486057
admirax,Admirax,8 Admiralty Street Singapore 757438
18-tai-seng,18 Tai Seng,18 Tai Seng Street Singapore 539775
9-tagore,9@Tagore,9 Tagore Lane Singapore 787472
amk-autopoint,AMK Autopoint,10 Ang Mo Kio Industrial Park 2A Singapore 568047
ang-mo-kio-community-hospital,Ang Mo Kio Community Hospital,17 Ang Mo Kio Avenue 9 Singapore 569766
amk-hub,AMK Hub,53 Ang Mo Kio Avenue 3 Singapore 569933
amtech-building,Amtech Building,157 Sin Ming Road Singapore 575624
10-raeburn-park,10 Raeburn Park,"10 Raeburn Park, Singapore 088702"
10-winstedt,10 Winstedt,10 Winstedt Road Singapore 227977
888-plaza,888 Plaza,888 Woodlands Drive 5 Singapore 731888
ang-mo-kio-polyclinic-nhgp,Ang Mo Kio Polyclinic (NHGP),21 Ang Mo Kio Central 2 Singapore 569666
100-am-shopping-mall,100 AM Shopping Mall,100 Tras Street Singapore 079027
171-kallang-way,171 Kallang Way,"171 Kallang Way, S(349250)"
1557-keppel-road,1557 Keppel Road,1557 Keppel Road Singapore 089066
ark-gambas,Ark @ Gambas,"7 Gambas Crescent, Singapore 757087"
183-longhaus,183 Longhaus,183 Upper Thompson Road Singapore 574429
26-tai-seng-street,26 Tai Seng Street,26 Tai Seng Street Singapore 534057
burghley-lifestyle-hub,Burghley Lifestyle Hub,45 Burghley Drive Singapore 559022
bishan-sports-centre,Bishan Sports Centre,7 Bishan Street 14 Singapore 579784
20-collyer-quay,20 Collyer Quay,20 Collyer Quay Singapore 049319
causeway-point,Causeway Point,1 Woodlands Square Singapore 738099
211-henderson,211 Henderson,211 Henderson Road Singapore 159552
entrepreneur-centre,Entrepreneur Centre,50 Tagore Lane Singapore 787494
city-square-mall,City Square Mall,"180 Kitchener Road, Singapore 208539"
7-9-tampines-grande-hitachi-square,7 & 9 Tampines Grande (Hitachi Square),7 & 9 Tampines Grande Singapore 528736
farrer-park-medical-centre,Farrer Park Medical Centre,1 Farrer Park Station Road Singapore 217562
farrer-park-hospital,Farrer Park Hospital,1 Farrer Park Station Road Singapore 217562
advantech-industrial-building,Advantech Industrial Building,17 Sims Drive
aps-industrial-building,APS Industrial Building,49 Jalan Pemimpin Singapore 577203
anglican-care-centre-simei,Anglican Care Centre (Simei),10 Simei Street 3 Singapore 529897
ark-kb,Ark @ KB,68 Kaki Bukit Avenue 6 Singapore 417896
aljunied-hougang-town-council,Aljunied-Hougang Town Council,147 Serangoon North Avenue 1 Singapore 550147
268-orchard-road,268 Orchard Road,268 Orchard Road Singapore 238856
aspial-one,Aspial One,55 Ubi Avenue 3 Singapore 408864
audio-house-building,Audio House Building,23 Ubi Road 3 Singapore 408620
atrix-building,Atrix Building,82 Lorong 23 Geylang Singapore 388409
28-maxwell-rd,28 Maxwell Rd,28 Maxwell Road Singapore 069120
30-bencoolen,30 Bencoolen,30 Bencoolen Street Singapore 189621
336-river-valley,336 River Valley,336 River Valley Road Singapore 238366
313-somerset,313@Somerset,313 Orchard Road Singapore 238895
automobile-megamart-aml,Automobile Megamart (AML),61 Ubi Avenue 2 Singapore 408898
bedok-community-centre,Bedok Community Centre,850 Upper Changi Road Singapore 467352
bedok-central-blk-215a-multi-storey-car-park,Bedok Central Blk 215A (Multi-Storey Car Park),215A Bedok Central Singapore 461215
50-scotts-road,50 Scotts Road,50 Scotts Road Singapore 228242
51-bencoolen-street,51 Bencoolen Street,51 Bencoolen Street Singapore 189630
bedok-reservoir-park,Bedok Reservoir Park,739A Bedok Reservoir Road Singapore 471739
bedok-mall,Bedok Mall,311 New Upper Changi Road Singapore 467360
bedok-reservoir-park-b,Bedok Reservoir Park B,Tampines Avenue 10
6-raffles-quay,6 Raffles Quay,6 Raffles Quay Singapore 048580
51-cuppage-road,51 Cuppage Road,51 Cuppage Road Singapore 29469
8-central-link,8 Central Link,8 Jalan Kilang Barat Singapore 159351
79-anson-road,79 Anson Road,79 Anson Road Singapore 079906
albert-court-hotel,Albert Court Hotel,180 Albert Street Singapore 189971
abdul-gaffoor-mosque,Abdul Gaffoor Mosque,41 Dunlop Street Singapore 209369
floravista-floraview,FloraVista & FloraView,7 Ang Mo Kio Street 66 Singapore 567708
albert-complex,Albert Complex,60 Albert Street Singapore 189969
gain-city-megastore,Gain City Megastore,"71 Sungei Kadut Drive, Singapore 729577"
highland-centre,Highland Centre,"22 Yio Chu Kang Road, Singapore 545535"
hdb-blk-4a-6a-woodlands-centre-road,HDB Blk 4A / 6A (Woodlands Centre Road),"4A Woodlands Centre Road, Singapore 731004"
hdb-hub-toa-payoh,HDB Hub (Toa Payoh),"480 Toa Payoh Lorong 6, Singapore 310480"
bedok-shopping-complex,Bedok Shopping Complex,348 Bedok Road Singapore 469535
hillv2,HillV2,"4 Hillview Rise, Singapore 667979"
hometeamns-khatib,HomeTeamNS Khatib,"2 Yishun Walk, Singapore 767944"
hometeamns-bedok-reservoir,HomeTeamNS Bedok Reservoir,"900 Bedok North Road, Singapore 479994"
hong-heng-mansions,Hong Heng Mansions,"58 Sembawang Road, Singapore 779087"
bedok-stadium-sports-hall-clubfitt-gym,Bedok Stadium / Sports Hall / ClubFITT Gym,1 Bedok North Street 2 Singapore 469642
ite-headquarters-ite-college-central-open-carpark,ITE Headquarters & ITE College Central (Open carpark),"2 Ang Mo Kio Drive, Singapore 567720"
big-splash,Big Splash,902 East Coast Parkway Singapore 449874
ite-headquarters-ite-college-central-sheltered-carpark,ITE Headquarters & ITE College Central (Sheltered Carpark),"2 Ang Mo Kio Drive, Singapore 567720"
jackson-square,Jackson Square,"11 Lorong 3 Toa Payoh, Singapore 319579"
bread-talk-ihq,Bread Talk IHQ,30 Tai Seng Street Singapore 534013
alexandra-retail-centre,Alexandra Retail Centre,460 Alexandra Road Singapore 119963
altez,Altez,16 Enggor Street Singapore 079717
capri-by-fraser,Capri by Fraser,"3 Changi, Business Park Central 1 Singapore 486037"
bright-vision-hospital,Bright Vision Hospital,5 Lorong Napiri Singapore 547530
centrium-road,Centrium Road,320 Serangoon Road Singapore 218108
changi-airfreight-centre-cac,Changi Airfreight Centre (CAC),9 Airline Road Singapore 819827
certis-cisco-centre,Certis CISCO Centre,20 Jalan Afifi Singapore 409179
century-square,Century Square,2 Tampines Central 5 Singapore 529509
chancerlodge-complex,Chancerlodge Complex,105 Sims Avenue Singapore 387429
amara-hotel,Amara Hotel,165 Tanjong Pagar Road Singapore 088539
changi-airport-terminal-1-jewel-short-term-parking-b2m-and-b2,Changi Airport Terminal 1 / Jewel (Short-term Parking B2M and B2),80 Airport Boulevard Singapore 918146
changi-airport-south-carpark,Changi Airport South Carpark,60 Airport Boulevard Singapore 819643
changi-airport-terminal-1-jewel-general-parking-b3-to-b5,Changi Airport Terminal 1 / Jewel (General Parking B3 to B5),80 Airport Boulevard Singapore 918146
changi-airport-terminal-3,Changi Airport Terminal 3,65 Airport Boulevard Singapore 819663
changi-airport-terminal-2,Changi Airport Terminal 2,60 Airport Boulevard Singapore 819643
changi-airport-terminal-4,Changi Airport Terminal 4,10 Airport Boulevard Singapore 819665
amoy-street-off-street,Amoy Street Off Street,86 Amoy Street Singapore 069905
changi-budget-terminal,Changi Budget Terminal,30 Airport Boulevard Singapore 819662
anchorpoint-shopping-centre,Anchorpoint Shopping Centre,370 Alexandra Road Singapore 159953
changi-city-point,Changi City Point,5 Changi Business Park Central 1 Singapore 486038
changi-chapel-and-museum-the-changi-museum,Changi Chapel and Museum (The Changi Museum),1000 Upper Changi Road North Singapore 507707
jtc-aviation-two-seletar-aerospace-park,JTC Aviation Two @ Seletar Aerospace Park,"690 West Camp Road, Singapore 797523"
junction-8-basement-car-park,Junction 8 (Basement Car Park),"9 Bishan Place, Singapore 579837"
jtc-blk-970-998-toa-payoh-north,JTC Blk 970 / 998 Toa Payoh North,"970 Toa Payoh North, Singapore 318992"
jtc-aviation-one-seletar-aerospace-park,JTC Aviation One @ Seletar Aerospace Park,"700 West Camp Road, Singapore 797649"
junction-8-multi-storey-car-park,Junction 8 (Multi-Storey Car Park),"514 Bishan Street 13, Singapore 570514"
jurong-industrial-estate-penjuru-workshops,Jurong Industrial Estate (Penjuru Workshops),"28F Penjuru Close, Singapore 609134"
jurong-industrial-estate-jurong-port-workshops,Jurong Industrial Estate (Jurong Port Workshops),"27A Jurong Port Road, Singapore 619101"
junction-nine,Junction Nine,"18 Yishun Avenue 9, Singapore 768897"
khoo-teck-puat-hospital,Khoo Teck Puat Hospital,"90 Yishun Central, Singapore 768828"
arc-380,ARC 380,380 Jalan Besar Singapore 209000
34-boon-leat-terrace,34 Boon Leat Terrace,34 Boon Leat Terrace Singapore 119866
1001-bukit-merah-lane-3,1001 Bukit Merah Lane 3,1001 Bukit Merah Lane 3 Singapore 159718
asia-square-tower-2,Asia Square Tower 2,12 Marina View Singapore 018961
axa-tower,AXA Tower,8 Shenton Way Singapore 068811
asian-civilisations-museum,Asian Civilisations Museum,1 Empress Place Singapore 179555
asia-square-tower-1,Asia Square Tower 1,8 Marina View Singapore 018960
balestier-point,Balestier Point,279 Balestier Road Singapore 329727
balestier-plaza,Balestier Plaza,400 Balestier Road Singapore 329802
apex-henderson,Apex @ Henderson,201 Henderson Road S(159545)
balestier-towers,Balestier Towers,207 Balestier Road Singapore 329683
changi-point-coastal-walk-changi-beach-car-park-1-to-6,Changi Point Coastal Walk / Changi Beach (Car Park 1 to 6),Changi Beach
changi-hospital-cgh,Changi Hospital (CGH),2 Simei Street 3 Singapore 529889
changi-hotel,Changi Hotel,80 Changi Road Singapore 419715
changi-ferry-terminal,Changi Ferry Terminal,30 Changi Ferry Road Singapore 499675
changli-sailing-club,Changli Sailing Club,32 Netheravon Road Singapore 508508
changi-village-hotel,Changi Village Hotel,1 Netheravon Road Singapore 508502
charles-keith-building,Charles & Keith Building,21 Tai Seng Street Singapore 534166
chinese-swimming-club,Chinese Swimming Club,21 Amber Road Singapore 439870
alexandra-central,Alexandra Central,321 Alexandra Road S(159971)
kranji-workshop,Kranji Workshop,"6 Kranji Loop, S 739542"
bukit-timah-shopping-centre,Bukit Timah Shopping Centre,170 Upper Bukit Timah Road S(588179)
kranji-war-memorial,Kranji War Memorial,"9 Woodlands Road, Singapore 738656"
mandai-orchid-garden,Mandai Orchid Garden,"20 Mandai Lake Road, Singapore 729825"
macritchie-reservoir-park,MacRitchie Reservoir Park,"Reservoir Road, Singapore 570000"
link-amk,Link@AMK,"3 Ang Mo Kio Street 62, Singapore 569139"
marina-country-club,Marina Country Club,"11 Northshore Drive, Singapore 828670"
marsiling-mall,Marsiling Mall,"4 Woodlands Street 12, Singapore 738623"
mediacorp,Mediacorp,"1 Stars Ave, Singapore 138507"
mcys-building,MCYS Building,"512 Thomson Road, Singapore 298136"
midview-city,Midview City,18 Sin Ming Lane Singapore 573960
new-tech-park,New Tech Park,"151 Lorong Chuan, Singapore 556741"
mount-alvernia-hospital,Mount Alvernia Hospital,"820 Thomson Road, Singapore 574623"
ncs-hub,NCS Hub,"5 Ang Mo Kio Street 62, Singapore 569141"
nanyang-polytechnic,Nanyang Polytechnic,"180 Ang Mo Kio Ave 8, Singapore 569830"
northshore-plaza-1,Northshore Plaza 1,407 Northshore Drive Singapore 820407
nex-mall,Nex Mall,"23 Serangoon Central, Singapore 556083"
one-farrer-hotel-spa,One Farrer Hotel & Spa,"1 Farrer Park Station Road, Singapore 217562"
northpoint-city,Northpoint City,"930 Yishun Avenue 2, Singapore 769098"
civil-service-club-changi-clubhouse,Civil Service Club (Changi Clubhouse),2 Netheravon Road Singapore 508503
one-punggol,One Punggol,"1 Punggol Drive, Singapore 828629"
citimac-industrial-complex,Citimac Industrial Complex,605 Macpherson Road Singapore 368239
city-plaza,City Plaza,810 Geylang Road Singapore 409286
comfortdelgro-driving-centre,ComfortDelGro Driving Centre,205 Ubi Avenue 4 Singapore 408805
orangetee-building,OrangeTee Building,"430 Lorong 6 Toa Payoh, Singapore 319402"
commerze-irving,Commerze @ Irving,1 Irving Place Singapore 369546
compass-one,Compass One,1 Sengkang Square Singapore 545078
orchid-country-club-occ,Orchid Country Club (OCC),"1 Orchid Club Road, Singapore 769162"
cpf-tampines-building-car-park,CPF Tampines Building Car Park,1 Tampines Central 5 Singapore 529508
costa-sands-resort-downtown-east,Costa Sands Resort (Downtown East),1 Pasir Ris Close Singapore 519599
costa-sands-resort-pasir-ris,Costa Sands Resort (Pasir Ris),159M Jalan Loyang Besar Singapore 509404
east-coast-park-carpark-b1,East Coast Park Carpark B1,1000 East Coast Parkway Singapore 449876
crocodile-house,Crocodile House,3 Ubi Avenue 3 Singapore 408857
crowne-plaza-changi-airport,Crowne Plaza Changi Airport,75 Airport Boulevard Singapore 819664
da-jin-factory-building,Da Jin Factory Building,362 Upper Paya Lebar Road Singapore 534963
east-coast-park-carpark-e1,East Coast Park Carpark E1,East Coast Park Service Road
east-coast-park-carpark-b2,East Coast Park Carpark B2,1000 East Coast Parkway Singapore 449876
east-coast-park-carpark-e2,East Coast Park Carpark E2,1220 East Coast Parkway Singapore 468960
east-coast-park-carpark-c1,East Coast Park Carpark C1,1000 East Coast Parkway Singapore 449876
eastgate,Eastgate,46 East Coast Road Singapore 428766
east-coast-park-carpark-e3,East Coast Park Carpark E3,East Coast Park Service Road
east-village,East Village,430 Upper Changi Road Singapore 487048
eastpoint-mall,Eastpoint Mall,3 Simei Street 6 Singapore 528833
enterprise-industrial-building,Enterprise Industrial Building,46 Lorong 17 Geylang Singapore 388568
elias-mall,Elias Mall,625 Elias Road Singapore 510625
eng-say-garden,Eng Say Garden,Siglap Road
enterprise-one,Enterprise One,1 Kaki Bukit Road 1 Singapore 415934
primz-bizhub,Primz Bizhub,"21 Woodlands Close, Singapore 737854"
esr-bizpark-chai-chee,ESR BizPark @ Chai Chee,750 Chai Chee Road Singapore 469000
proxima-gambas,Proxima @ Gambas,"50 Gambas Crescent, Singapore 757022"
pioneer-road-north-industrial-estate,Pioneer Road North Industrial Estate,"1 Pioneer Road North, Singapore 628455"
safra-toa-payoh,SAFRA Toa Payoh,"293 Lorong 6 Toa Payoh, Singapore 319387"
safra-punggol,SAFRA Punggol,"9 Sentul Crescent, Singapore 828654"
esr-bizpark-changi,ESR BizPark @ Changi,"2, 4, 6, 8 Changi Business Park Avenue 1 Singapore 486018"
republic-polytechnic,Republic Polytechnic,"9 Woodlands Ave 9, Singapore 738964"
seletar-country-club,Seletar Country Club,"101 Seletar Club Road, Singapore798273"
safra-yishun,SAFRA Yishun,"60 Yishun Avenue 4, Singapore 69027"
sembawang-clubhouse,Sembawang Clubhouse,"43 Admiralty Road West, Singapore 759962"
eunos-technolink,Eunos Technolink,3 Kaki Bukit Road 1 Singapore 415935
sembawang-shopping-centre,Sembawang Shopping Centre,"604 Sembawang Road, Singapore 758459"
fairprice-hub,Fairprice Hub,1 Joo Koon Circle Singapore 629117
excalibur-centre,Excalibur Centre,71 Ubi Crescent Singapore 408571
sembawang-country-club,Sembawang Country Club,"249 Sembawang Road, Singapore 758352"
senoko-fishery-port,Senoko Fishery Port,"31 Attap Valley Road, Singapore 759908"
sengkang-grand-mall,Sengkang Grand Mall,"70 Compassvale Bow, Singapore 544692"
geylang-serai-market,Geylang Serai Market,1 Geylang Serai Singapore 402001
geylang-field,Geylang Field,30 Lorong 12 Geylang Singapore 399005
gordon-warehouse-building,Gordon Warehouse Building,9 Kaki Bukit Road 2 Singapore 417842
golden-mile-food-court,Golden Mile Food Court,505 Beach Road Singapore 199583
goodwill-court,Goodwill Court,81 Upper East Coast Road Singapore 455220
grand-mercure-roxy-hotel,Grand Mercure Roxy Hotel,50 East Coast Road Singapore 28769
hdb-bedok-town-centre-blk-204,HDB Bedok Town Centre Blk 204,204 Bedok North Street 1 Singapore 460204
hainanese-village-centre-lorong-ah-soo-market,Hainanese Village Centre (Lorong Ah Soo Market),105 Hougang Avenue 1 Singapore 530105
grandlink-square,Grandlink Square,511 Guillemard Road Singapore 399849
great-eastern-changi,Great Eastern @ Changi,200 Changi Road Singapore 419734
hdb-blk-700a-pasir-ris-drive-10,HDB Blk 700A (Pasir Ris Drive 10),710A Pasir Ris Drive 10 Singapore 511700
hdb-bedok-town-centre-blk-211,HDB Bedok Town Centre Blk 211,211 New Upper Changi Road Singapore 460211
22-martin-road,22 Martin Road,22 Martin Road Singapore 239058
hdb-bedok-town-centre-blk-208a,HDB Bedok Town Centre Blk 208A,208A New Upper Changi Road Singapore 461208
71-robinson-road,71 Robinson Road,71 Robinson Road Singapore 068895
61-robinson,61 Robinson,61 Robinson Road Singapore 068893
hdb-blk-710a-pasir-ris-street-72,HDB Blk 710A (Pasir Ris Street 72),"710A Pasir Ris Street 72, S(511710)"
hdb-blk-718a-pasir-ris-street-72,HDB Blk 718A (Pasir Ris Street 72),718A Pasir Ris Street 72 Singapore 511718
action-theatre,ACTION Theatre,42 Waterloo Street Singapore 187951
abi-plaza,ABI Plaza,11 Keppel Road Singapore 089057
heartland-mall,Heartland Mall,205 Hougang Street 21 Singapore 530205
heartbeat-bedok,Heartbeat @ Bedok,11 Bedok North Street 1 Singapore 469662
alliance-francaise-de-singapour,Alliance Francaise de Singapour,1 Sarkies Road Singapore 258130
aia-tower,AIA Tower,"1 Robinson Road, S(048542)"
hindoo-road-kampong-kapor-road,Hindoo Road / Kampong Kapor Road,Hindoo Road / Kampong Kapor Road
hexacube,HexaCube,160 Changi Road Singapore 419728
armenian-church-of-saint-gregory,Armenian Church of Saint Gregory,60 Hill Street Singapore 179366
balestier-warehouse,Balestier Warehouse,"12A Jalan Ampas, S(329516)"
bangkok-bank-building,Bangkok Bank Building,180 Cecil Street Singapore 069546
serangoon-stadium,Serangoon Stadium,"35 Yio Chu Kang Road, Singapore 545552"
singapore-godown,Singapore Godown,"25 Tagore Lane, Singapore 787602"
sin-ming-plaza,Sin Ming Plaza,"6 Sin Ming Road, Singapore 575585"
singapore-islamic-hub,Singapore Islamic Hub,"273 Braddell Road, Singapore 579702"
sin-ming-autocity,Sin Ming AutoCity,"160 Sin Ming Drive, Singapore 575722"
sun-plaza,Sun Plaza,"30 Sembawang Drive, Singapore 757713"
singapore-turf-club-stc,Singapore Turf Club (STC),"1 Turf Club Avenue Singapore Racecourse, Singapore 738078"
tagore-23-warehouse,Tagore 23 Warehouse,"23 Tagore Lane, Singapore 787601"
singapore-zoo-singapore-night-safari,Singapore Zoo / Singapore Night Safari,"80 Mandai Lake Road, Singapore 729826"
techpoint,Techpoint,"10 Ang Mo Kio Street 65, Singapore 569059"
tagore-industrial-building,Tagore Industrial Building,"6 Tagore Drive, Singapore 787623"
techplace-1,Techplace 1,"4008 Ang Mo Kio Avenue 10, Singapore 569625"
holiday-inn-express-singapore-katong,Holiday Inn Express Singapore Katong,86 East Coast Road Singapore 428788
home-united-youth-football-academy-hyfa,Home United Youth Football Academy (HYFA),8 Mattar Road Singapore 387727
hotel-indigo-singapore-katong,Hotel Indigo Singapore Katong,86 East Coast Road Singapore 428788
hotel-windsor,Hotel Windsor,401 Macpherson Road Singapore 368125
hor-kew-business-centre,Hor Kew Business Centre,66 Kallang Pudding Road Singapore 349324
hougang-stadium-sports-hall-clubfitt-gym,Hougang Stadium / Sports Hall / ClubFITT Gym,100 Hougang Avenue 2 Singapore 538856
hougang-green-shopping-mall,Hougang Green Shopping Mall,21 Hougang Street 51 Singapore 538719
hougang-mall,Hougang Mall,90 Hougang Avenue 10 Singapore 538766
hougang-1,Hougang 1,1 Hougang Street 91 Singapore 538692
ibm-place-1,IBM Place 1,9 Changi Business Park Central 1 Singapore 486048
i12-katong-previously-112-katong,I12 Katong (previously 112 Katong),112 East Coast Road Singapore 428802
ibm-place-2,IBM Place 2,9 Changi Business Park Central 1 Singapore 486048
ibm-singapore-technology-park,IBM Singapore Technology Park,6 Tampines Industrial Avenue 5 Singapore (528760
ikea-tampines,IKEA Tampines,60 Tampines North Drive 2 Singapore 528764
joo-seng-warehouse,Joo Seng Warehouse,1 Upper Aljunied Link Singapore 367901
joo-chiat-complex,Joo Chiat Complex,1 Joo Chiat Road Singapore 420001
institute-of-mental-health-imh,Institute Of Mental Health (IMH),10 Buangkok View Singapore 539747
jtc-blk-3014a-3015a-ubi-road-1,JTC Blk 3014A / 3015A Ubi Road 1,3014A Ubi Road 1 Singapore 408703
jtc-blk-8-12-lorong-bakar-batu,JTC Blk 8 / 12 Lorong Bakar Batu,8 Lorong Bakar Batu Singapore 348743
kallang-leisure-park,Kallang Leisure Park,5 Stadium Walk Singapore 397693
kaki-bukit-autohub,Kaki Bukit Autohub,2 Kaki Bukit Avenue 2 Singapore 417921
the-brooks-ii,The Brooks II,"25 Springside Green, Singapore 786015"
the-brooks-i,The Brooks I,"60 Springside Walk, Singapore 786020"
the-grassroots-club,The Grassroots Club,"190 Ang Mo Kio Avenue 8, Singapore 568046"
kallang-wave-mall,Kallang Wave Mall,1 Stadium Place Singapore 397628
kampong-bugis-road,Kampong Bugis Road,Kampong Bugis Road
kapo-factory-building,Kapo Factory Building,80 Playfair Road Singapore 367998
the-oval-seletar-aerospace-park,The Oval @ Seletar Aerospace Park,"3 Park Lane, Singapore 798387"
thomson-plaza,Thomson Plaza,"301 Upper Thomson Road, Singapore 574408"
victory-8,Victory 8,"8 Jalan Legundi, Singapore 759274"
katong-point,Katong Point,451 Joo Chiat Road Singapore 427664
toa-payoh-stadium-sports-hall-clubfitt-gym,Toa Payoh Stadium / Sports Hall / ClubFITT Gym,"297 Lorong 6 Toa Payoh, Singapore 319389"
katong-plaza,Katong Plaza,1 Brooke Road Singapore 429979
katong-shopping-centre,Katong Shopping Centre,865 Mountbatten Road Singapore 437844
waterway-point,Waterway Point,"83 Punggol Central, S(828761)"
angullia-park,Angullia Park,Angullia Park Singapore 239974
albert-centre-market-and-food-centre,Albert Centre Market and Food Centre,270 Queen Street Singapore 180270
bendemeer-market-and-food-centre,Bendemeer Market and Food Centre,"29 Bendemeer Road, S(330029)"
beach-centre,Beach Centre,15 Beach Road Singapore 189677
bay-hotel-singapore,Bay Hotel Singapore,50 Telok Blangah Road Singapore 098828
berjaya-hotel,Berjaya Hotel,83 Duxton Road Singapore 089540
katong-v-village-hotel-katong,Katong V (Village Hotel Katong),25 Marine Parade Singapore 449536
katong-village,Katong Village,86 East Coast Road Singapore 28788
bestway-building,Bestway Building,12 Prince Edward Road Singapore 079212
katong-square,Katong Square,86 East Coast Road Singapore 428788
kb-industrial-building,KB Industrial Building,10 Kaki Bukit Road 1 Singapore 416175
bijou-condo,Bijou Condo,"2 Jalan Mat Jambol, S(119554)"
kembangan-plaza,Kembangan Plaza,18 Jalan Masjid Singapore 418944
kensington-square,Kensington Square,2 Jalan Lokam Singapore 537846
laguna-national-golf-and-country-club,Laguna National Golf and Country Club,11 Laguna Golf Green Singapore 488047
kopitiam-square,Kopitiam Square,10 Sengkang Square Kopitiam Square Singapore 544829
kovan-neighbourhood-centre,Kovan Neighbourhood Centre,209 Hougang Street 21 Singapore 530209
kinex,Kinex,11 Tanjong Katong Road Singapore 437157
lion-city-hotel,Lion City Hotel,15 Tanjong Katong Road Singapore 436950
lam-seng-building,Lam Seng Building,Playfair Road
lhk-2-building,LHK 2 Building,76 Playfair Road Singapore 367996
lifelong-learning-institute-lli,Lifelong Learning Institute (LLI),11 Eunos Road 8 Singapore 408601
ltc-building-lion-industrial-building,LTC Building (Lion Industrial Building),12 Arumugam Road Singapore 409958
luxton-building,Luxton Building,10 Sims Drive
loyang-point,Loyang Point,258 Pasir Ris Street 21 Singapore 510258
mapex,Mapex,37 Jalan Pemimpin Singapore 577177
millage,Millage,55 Changi Road Singapore 419709
mapletree,Mapletree,1 Kallang Sector Singapore 349276
marine-parade-central-market-and-food-centre,Marine Parade Central Market and Food Centre,84 Marine Parade Central Singapore 440084
national-sailing-centre,National Sailing Centre,1500 East Coast Parkway Singapore 468963
blk-334-333-kreta-ayer-blk-4-sago-lane,"Blk 334/333 Kreta Ayer, Blk 4 Sago Lane",334 Kreta Ayer Road Singapore 050004
buddha-tooth-relic-temple-and-museum-singapore,Buddha Tooth Relic Temple and Museum (Singapore),288 South Bridge Road Singapore 058840
bugis-junction,Bugis Junction,200 Victoria Street Singapore 180021
bras-basah-complex,Bras Basah Complex,231 Bain Street Singapore 180231
cairnhill-art-centre,Cairnhill Art Centre,126 Cairnhill Road Singapore 229707
burlington-square,Burlington Square,175 Bencoolen Street Singapore 189649
bugis,Bugis+,201 Victoria Street Singapore 188067
cairnhill-community-club-cc,Cairnhill Community Club (CC),1 Anthony Road Singapore 229944
capitacommercial-trust-cct,CapitaCommercial Trust (CCT),39 Robinson Road Singapore 068911
camden-medical-centre,Camden Medical Centre,1 Orchard Boulevard Singapore 248649
capitagreen,CapitaGreen,138 Market Street Singapore 048946
capella-singapore,Capella Singapore,1 The Knolls Sentosa Island Singapore 098297
capitol-centre,Capitol Centre,"141 North Bridge Road, S(179099)"
capital-square,Capital Square,23 Church Street Singapore 049481
capitaspring,CapitaSpring,88 Market Street Singapore 048948
capital-tower,Capital Tower,168 Robinson Road Singapore 068912
carlton-city-hotel-singapore,"Carlton City Hotel, Singapore",1 Gopeng Street Singapore 078862
carpark-22-bideford-road,Carpark @ 22 Bideford Road,22 Bideford Road Singapore 229923
carlton-hotel,Carlton Hotel,76 Bras Basah Road Singapore 189558
capitol-piazza,Capitol Piazza,13 Stamford Road Singapore 178905
cendex-centre,Cendex Centre,"120 Lower Delta Road, S(169208)"
central-square,Central Square,"20 Havelock Road, S(059765)"
central-mall,Central Mall,1 & 3 Magazine Road Singapore 059567
centennial-tower,Centennial Tower,"3 Temasek Avenue, S(039190)"
chang-hua-building,Chang Hua Building,112 Lavender Street Singapore 338728
ces-centre,CES Centre,171 Chin Swee Road Singapore 169877
cheng-yan-court,Cheng Yan Court,269 Queen Street Singapore 180269
chevron-house,Chevron House,30 Raffles Place Singapore 048622
wisteria-mall,Wisteria Mall,"598 Yishun Ring Road, Singapore 769698"
westinton-building,Westinton Building,"6 Ang Mo Kio Industrial Park 2, Singapore 568012"
wave9,Wave9,"71 Woodlands Industrial Park E9, Singapore 757048"
woodlands-11,Woodlands 11,"11 Woodlands Close, Singapore 737853"
woodlands-east-industrial-estate,Woodlands East Industrial Estate,"20 Woodlands Link, Singapore 738733"
woodlands-civic-centre,Woodlands Civic Centre,"900 South Woodlands Drive, Singapore 730900"
woodlands-loop,Woodlands Loop,Woodlands Loop
chijmes-basement-car-park,Chijmes (Basement Car Park),30 Victoria Street Singapore 187996
woodlands-spectrum,Woodlands Spectrum,"2 Woodlands Sector 1, Singapore 738068"
woodlands-mart,Woodlands Mart,Woodlands Avenue 6 Singapore 730768
china-court,China Court,20 Cross Street Singapore 048422
chinatown-complex,Chinatown Complex,335 Smith Street Singapore 050335
woodlands-stadium-sports-hall-clubfitt-gym,Woodlands Stadium / Sports Hall / ClubFITT Gym,"1 Woodlands Street 12, Singapore 738619"
national-service-resort-country-club-nsrcc,National Service Resort Country Club (NSRCC),10 Changi Coast Walk Singapore 499739
woodlands-waterfront-park,Woodlands Waterfront Park,"6A Admiralty Road West, Singapore 759956"
chinatown-heritage-centre,Chinatown Heritage Centre,48 Pagoda Street Singapore 059207
newater-visitor-centre,NEWater Visitor Centre,20 Koh Sek Lim Road Singapore 486593
yew-tee-industrial-estate,Yew Tee Industrial Estate,"387 Woodlands Road, Singapore 677946"
chinatown-point,Chinatown Point,133 New Bridge Road Singapore 059413
woods-square,Woods Square,"14 Woodlands Square, Singapore 737716"
noel-corporate-building,Noel Corporate Building,50 Kallang Avenue Singapore 339505
yew-tee-point,Yew Tee Point,"21 Choa Chu Kang North 6, Singapore 689578"
yio-chu-kang-stadium-sports-hall-clubfitt-gym,Yio Chu Kang Stadium / Sports Hall / ClubFITT Gym,"210 Ang Mo Kio Avenue 9, Singapore 569777"
cidc-centre,CIDC Centre,90 Eu Tong Sen Street Singapore 059811
100-pasir-panjang,100 Pasir Panjang,100 Pasir Panjang Road S(118518)
yishun-stadium-sports-hall-clubfitt-gym,Yishun Stadium / Sports Hall / ClubFITT Gym,"101 Yishun Avenue 1, Singapore 769130"
ntuc-income-tampines-junction,NTUC Income Tampines Junction,300 Tampines Avenue 5 Singapore 529653
yishun-10,Yishun 10,"51 Yishun Central 1, Singapore 768794"
ntuc-income-tampines-point,NTUC Income Tampines Point,2 Tampines Central 6 Singapore 529483
oasis-terraces,Oasis Terraces,681 Punggol Drive Singapore 820681
ys-one,YS-One,"1 Yishun Street 23, Singapore 768441"
2-bukit-merah-central,2 Bukit Merah Central,"2 Bukit Merah Central, S(159835)"
odeon-katong-shopping-centre,Odeon Katong Shopping Centre,11 East Coast Road Singapore 428722
ocbc-tampines-centre-2,OCBC Tampines Centre 2,31 Tampines Avenue 4 Singapore 529680
cideco-industrial-complex,Cideco Industrial Complex,50 Genting Lane Singapore 349558
one-pemimpin,One Pemimpin,1 Pemimpin Drive Singapore 576151
321-clementi,321 Clementi,"321 Clementi Ave 3, S(129905)"
991-alexandra-road,991 Alexandra Road,"991B Alexandra Road, S(119970)"
adam-road-medical-centre,Adam Road Medical Centre,"19 Adam Road, S(289891)"
3b-toh-guan-road-east,3B Toh Guan Road East,"3B Toh Guan Road East, S(608833)"
cineleisure-orchard,Cineleisure Orchard,8 Grange Road Singapore 239695
our-tampines-hub,Our Tampines Hub,1 Tampines Walk Singapore 528523
aero-green-technology,Aero-Green Technology,"260 Neo Tiew Crescent, S(718899)"
orion-paya-lebar,Orion @ Paya Lebar,160 Paya Lebar Road Singapore 409022
civil-service-club-tessensohn-clubhouse,Civil Service Club (Tessensohn Clubhouse),
city-industrial-building,City Industrial Building,"71 Tannery Lane, S(347807)"
alexandra-hospital,Alexandra Hospital,"378 Alexandra Road, S(159964)"
city-gate,City Gate,371 Beach Road Singapore 199597
oxley-bizhub,Oxley BizHub,61 Ubi Road 1 Singapore 408727
clarke-quay,Clarke Quay,3 River Valley Road Singapore 179019
arc-mtower,ARC @ mTower,"460 Alexandra Road, S(119963)"
alexis,Alexis,"356 Alexandra Road, S(159949)"
oxley-bizhub-2,Oxley BizHub 2,62 Ubi Road 1 Singapore 408734
balmoral-plaza,Balmoral Plaza,271 Bukit Timah Road S(259708)
ayer-rajah-industrial-estate,Ayer Rajah Industrial Estate,Ayer Rajah Crescent
arena-country-club,Arena Country Club,"511 Upper Jurong Road, S(638366)"
biopolis-3,Biopolis 3,"3 Biopolis Drive, S(138623)"
beauty-world-centre,Beauty World Centre,"144 Upper Bukit Timah Road, S(588177)"
beauty-world-plaza,Beauty World Plaza,"140 Upper Bukit Timah Road, S(588176)"
biopolis,Biopolis,"20 Biopolis Way, S(138668)"
bollywood-veggies-poison-ivy-bistro,Bollywood Veggies / Poison Ivy Bistro,"100 Neo Tiew Road, S(719026)"
bukit-batok-driving-centre-bbdc,Bukit Batok Driving Centre (BBDC),"815 Bukit Batok West Avenue 5, S(659085)"
bukit-gombak-stadium-sports-hall-clubfitt-gym,Bukit Gombak Stadium / Sports Hall / ClubFITT Gym,"800 Bukit Batok West Avenue 5, S(659081)"
bukit-panjang-plaza,Bukit Panjang Plaza,"1 Jelebu Road, S(677743)"
parkway-parade,Parkway Parade,80 Marine Parade Road Singapore 449269
parkway-east-hospital,Parkway East Hospital,321 Joo Chiat Place Singapore 427990
bukit-timah-nature-reserve,Bukit Timah Nature Reserve,"177 Hindhede Drive, S(589333)"
bukit-timah-plaza,Bukit Timah Plaza,"1 Jalan Anak Bukit, S(588996)"
chin-bee-hvp,Chin Bee HVP,"4 Fourth Chin Bee Road, S(619698)"
chinese-garden,Chinese Garden,"1 Chinese Garden Road, S(619795)"
cambridge-industrial-trust,Cambridge Industrial Trust,"2 Jalan Kilang Barat, S(159346)"
bukit-timah-plaza-multi-storey-car-park,Bukit Timah Plaza (Multi-Storey Car Park),"1 Jalan Anak Bukit, S(588996)"
cleantech-one,CleanTech One,"1 CleanTech Loop, S(637141)"
choa-chu-kang-stadium-sports-hall-clubfitt-gym,Choa Chu Kang Stadium / Sports Hall / ClubFITT Gym,"1 Choa Chu Kang Street 53, S(689236)"
citilink-warehouse-complex,Citilink Warehouse Complex,"102E Pasir Panjang Road, S(118529)"
civil-service-club-bukit-batok-clubhouse,Civil Service Club (Bukit Batok Clubhouse),"91 Bukit Batok West Avenue 2, S(659206)"
coronation-shopping-plaza,Coronation Shopping Plaza,"587 Bukit Timah Road, S(269707)"
connection-one,Connection One,"168 Jalan Bukit Merah, S(150168)"
cluny-court,Cluny Court,"501 Bukit Timah Road, S(259760)"
clarke-quay-central,Clarke Quay Central,6 Eu Tong Sen Street Singapore 059817
dawson-place,Dawson Place,57 Dawson Road S(142057)
creative-technologies,Creative Technologies,"31 International Business Park, S(609921)"
devan-nair-institute-for-employment-and-employability,Devan Nair Institute for Employment and Employability,"80 Jurong East Street 21, S(609607)"
crown-centre,Crown Centre,557 Bukit Timah Road S(269694)
edb-learning-center,EDB Learning Center,"2985 Jalan Bukit Merah, S(159457)"
dreamfish-lim-chu-kang-agrotechnology-park,DreamFish (Lim Chu Kang Agrotechnology Park),"221 Neo Tiew Crescent, S(718831)"
fajar-shopping-centre,Fajar Shopping Centre,"445 Fajar Road, S(670445)"
fire-flies-health-farm,Fire Flies Health Farm,"75 Lim Chu Kang Lane 2, S(719842)"
fusionopolis,Fusionopolis,"1 Fusionopolis Way, S(138632)"
fragrance-empire-building,Fragrance Empire Building,"456 Alexandra Road, S(119962)"
fusionopolis-2-tower-a-b,Fusionopolis 2 (Tower A & B),"2 Fusionopolis Way, S(138634)"
gallop-stable-horsecity,Gallop Stable (Horsecity),"100 Turf Club Road, S(287992)"
golden-agri-plaza,Golden Agri Plaza,"108 Pasir Panjang Road, S(118535)"
genting-hotel-jurong,Genting Hotel Jurong,"2 Town Hall Link, S(608516)"
gek-poh-shopping-centre,Gek Poh Shopping Centre,"762 Jurong West Street 75, S(640762)"
german-centre,German Centre,"25 International Business Park, S(609916)"
hausmann-marketing-aquarium-fish-farm,Hausmann Marketing Aquarium (Fish Farm),"291 Plot 113 Neo Tiew Crescent, S(718903)"
guthrie-house,Guthrie House,"1 Fifth Avenue, S(268802)"
henderson-industrial-park-blk-201,Henderson Industrial Park Blk 201,"201 Henderson Road, S(159545)"
greenridge-shopping-centre,Greenridge Shopping Centre,"524A Jelapang Road, S(671524)"
pasir-ris-park-car-park-a-c-d-and-f,"Pasir Ris Park (Car Park A, C, D and F)",Jalan Loyang Besar
pasir-ris-central-hawker-center-hipster-hawker-center,Pasir Ris Central Hawker Center (Hipster Hawker Center),110 Pasir Ris Central Singapore 519641
paya-lebar-quarter-plq-1,Paya Lebar Quarter (PLQ 1),"1 Paya Lebar Link, S(408533)"
pasir-ris-park-car-park-b-and-e,Pasir Ris Park (Car Park B and E),Pasir Ris Close
paya-lebar-quarter-plq-mall,Paya Lebar Quarter (PLQ Mall),10 Paya Lebar Road Singapore 409057
paya-lebar-square,Paya Lebar Square,60 Paya Lebar Road Singapore 409051
paya-lebar-quarter-plq-2,Paya Lebar Quarter (PLQ 2),1 Paya Lebar Link Singapore 408533
paya-lebar-quarter-plq-3,Paya Lebar Quarter (PLQ 3),2 Tanjong Katong Road Singapore 437161
precise-tree,Precise Tree,55 Kim Chuan Drive Singapore 537098
hillion-mall,Hillion Mall,"17 Petir Road, S(678278)"
hokkien-konghuay,Hokkien KongHuay,"794 Upper Bukit Timah Road, S(678133)"
henderson-industrial-park-blk-203,Henderson Industrial Park Blk 203,"203 Henderson Road, S(159546)"
holland-road-shopping-centre,Holland Road Shopping Centre,"211 Holland Avenue, S(278967)"
premier-kaki-bukit,Premier @ Kaki Bukit,8 Kaki Bukit Avenue 4 Singapore 415875
claymore-plaza,Claymore Plaza,6 Claymore Hill Singapore 229571
claymore-connect,Claymore Connect,442 Orchard Road Singapore 238879
prosper-house,Prosper House,101 Lorong 23 Geylang Singapore 388399
ikea-alexandra,IKEA Alexandra,"317 Alexandra Road, S(159965)"
hometeamns-bukit-batok,HomeTeamNS Bukit Batok,"2 Bukit Batok West Ave 7, S(659003)"
hong-leong-garden-shopping-centre,Hong Leong Garden Shopping Centre,"228 West Coast Way, Hong Leong Garden Shopping Centre, S(127111)"
japanese-garden,Japanese Garden,"1 Chinese Garden Road, S(619795)"
inno-centre,Inno Centre,"1003 Bukit Merah Central, S(159836)"
punggol-plaza,Punggol Plaza,168 Punggol Field Singapore 820168
imm-building,IMM Building,"2 Jurong East Street 21, S(609601)"
clemenceau-avenue-off-street,Clemenceau Avenue Off Street,83 Clemenceau Avenue Singapore 239920
ren-ci-long-term-care,Ren Ci Long Term Care,10 Buangkok View Singapore 539747
jelita-cold-storage,Jelita Cold Storage,"293 Holland Road, S(278628)"
jcube,JCube,"2 Jurong East Central 1, S(609731)"
clifford-centre,Clifford Centre,24 Raffles Place Singapore 048621
concorde-shopping-centre,Concorde Shopping Centre,317 Outram Road Singapore 169075
concorde-hotel-singapore,Concorde Hotel Singapore,100 Orchard Road Singapore 238840
comcentre-singtel-building,Comcentre / SingTel Building,31 Exeter Road Singapore 239732
safra-tampines,SAFRA Tampines,1 Tampines Street 92 Singapore 528882
rivervale-mall,Rivervale Mall,11 Rivervale Crescent Singapore 545082
roxy-square,Roxy Square,50 East Coast Road Singapore 428769
sakae-building,SAKAE Building,28 Tai Seng Street Singapore 534106
shun-li-industrial-park,Shun Li Industrial Park,61 Kaki Bukit Avenue 1 Singapore 417943
sea-sports-centre,Sea Sports Centre,11 Changi Coast Walk Singapore 499740
siglap-centre,Siglap Centre,55 Siglap Road Singapore 455871
siglap-v,Siglap V,2 First Sreet Singapore 458278
jtc-biomed-one-tuas-biomedical-park,JTC BioMed One @ Tuas Biomedical Park,"128 Tuas South Avenue 3, S(637550)"
jtc-blk-8-chia-ping-road,JTC Blk 8 Chia Ping Road,"8 Chia Ping Road, S(619973)"
jtc-cleantech-two-cleantech-park,JTC CleanTech Two @ CleanTech Park,"3 CleanTech Loop, S(637143)"
jem,JEM,"50 Jurong Gateway Road, S(608549)"
jtc-medtech-hub-medtech-park,JTC MedTech Hub @ MedTech Park,"2 Tukang Innovation Grove, S(619624)"
singapore-expo,Singapore Expo,1 Expo Drive Singapore 486150
jtc-tuas-amenity-centre,JTC Tuas Amenity Centre,"71 Pioneer Road, S(639591)"
singapore-funeral-parlour,Singapore Funeral Parlour,91 Tampines Link Singapore 528746
singapore-university-of-technology-and-design-sutd,Singapore University of Technology and Design (SUTD),8 Somapah Road Singapore 487372
singapore-johore-factory,Singapore-Johore Factory,51 Kampong Bugis Singapore 338986
singapore-swimming-club,Singapore Swimming Club,45 Tanjong Rhu Road Singapore 436899
singapore-sports-hub,Singapore Sports Hub,2 Stadium Walk Singapore 397691
space-tampines,Space Tampines,18 Tampines Industrial Crescent Singapore 528822
space-kovan,Space Kovan,11 Yio Chu Kang Road Singapore 545523
junction-10,Junction 10,"1 Woodlands Road, S(677899)"
singpost-centre,SingPost Centre,10 Eunos Road 8 Singapore 408600
stars-of-kovan,Stars of Kovan,988 Upper Serangoon Road Singapore 534733
standard-chartered-changi,Standard Chartered @ Changi,9 Changi Business Park Crescent Singapore 486041
st-andrew-s-community-hospital,St. Andrew's Community Hospital,8 Simei Street 3 Singapore 529895
sports-hub-punggol,Sports Hub@Punggol,6 Tebing Lane Singapore 828835
tai-seng-point,Tai Seng Point,11 Irving Place Singapore 369551
tampines-1,Tampines 1,10 Tampines Central 1 Singapore 529536
tampines-concourse,Tampines Concourse,11 Tampines Concourse Singapore 528729
tai-seng-centre,Tai Seng Centre,3 Irving Road Singapore 369522
tampines-plaza-1,Tampines Plaza 1,3 Tampines Central 1 Singapore 529540
tampines-mart,Tampines Mart,11 Tampines Street 32 Singapore 529287
tampines-plaza-2,Tampines Plaza 2,5 Tampines Central 1 Singapore 529541
tampines-mall,Tampines Mall,4 Tampines Central 5 Singapore 529510
tampines-stadium-sports-hall-clubfitt-gym,Tampines Stadium / Sports Hall / ClubFITT Gym,25 Tampines Street 82 Singapore 528988
tanjong-katong-complex,Tanjong Katong Complex,845 Geylang Road Singapore 400845
tanah-merah-ferry-terminal,Tanah Merah Ferry Terminal,50 Tanah Merah Ferry Road Singapore 498833
tat-ann-building,Tat Ann Building,40 Jalan Pemimpin Singapore 577185
telepark,TelePark,5 Tampines Central 6 Singapore 529482
techlink,Techlink,31 Kaki Bukit Road 3 Singapore 417818
technolink-centre,Technolink Centre,430 Chai Chee Road Singapore 469000
techview,Techview,
conrad-centennial-singapore-basement-car-park,Conrad Centennial Singapore (Basement Car Park),2 Temasek Boulevard Singapore 038982
the-midtown,The Midtown,1189 Upper Serangoon Road Singapore 534785
the-punggol-settlement,The Punggol Settlement,3 Punggol Point Road Singapore 828694
the-necessary-stage,The Necessary Stage,278 Marine Parade Road Singapore 449282
courtyard-by-marriott-singapore-novena,Courtyard by Marriott Singapore Novena,99 Irrawaddy Road Singapore 329568
copthorne-king-s-hotel,Copthorne King's Hotel,403 Havelock Road Singapore 169632
the-seletar-mall,The Seletar Mall,33 Sengkang West Avenue Singapore 797653
copthorne-orchid-hotel,Copthorne Orchid Hotel,214 Dunearn Road Singapore 299526
cross-street-exchange,Cross Street Exchange,18 Cross Street Singapore 048423
the-venue-residences-and-shoppes,The Venue Residences and Shoppes,18 Upper Serangoon Road Singapore 347629
the-signature-changi-business-park,The Signature (Changi Business Park),51 Changi Business Park Central 2 Singapore 486066
craig-place,Craig Place,20 Craig Road Singapore 089692
ct-hub-2,CT Hub 2,114 Lavender Street Singapore 338729
the-woodleigh-mall,The Woodleigh Mall,11 Bidadari Park Drive Singapore 367803
the-yards-joo-chiat,The Yards @ Joo Chiat,408 Joo Chiat Place Singapore 428045
ct-hub,CT Hub,2 Kallang Ave Singapore 339407
tristar-complex-inn-s-pore,Tristar Complex (Inn S'pore),970 Geylang Road Singapore 423492
ub-one,UB. One,81 Ubi Ave 4
trivex,Trivex,8 Burn Road Singapore 369977
tong-lee-building,Tong Lee Building,35 Kallang Pudding Road Singapore 349314
ubix,UBIX,25 Ubi Road 4 Singapore 408621
vertex,Vertex,33 Ubi Ave 3 Singapore 408868
white-sands,White Sands,1 Pasir Ris Central Street 3 Singapore 518457
jurong-bird-park,Jurong Bird Park,"2 Jurong Hill, S(628925)"
jurong-medical-centre,Jurong Medical Centre,"60 Jurong West Central 3, S(648346)"
yi-guang-factory-building,Yi Guang Factory Building,"180 Paya Lebar Road, S(409032"
jurong-lake-gardens,Jurong Lake Gardens,"104 Yuan Ching Road, S(618665)"
jurong-crocodile-reptile-paradise,Jurong Crocodile & Reptile Paradise,"241 Jalan Ahmad Ibrahim, S(629143)"
jurong-point-shopping-centre,Jurong Point Shopping Centre,"1 Jurong West Central 2, S(648886)"
jurong-theatre,Jurong Theatre,"101 Yung Sheng Road, S(618497)"
jurong-west-stadium-sports-hall-clubfitt-gym,Jurong West Stadium / Sports Hall / ClubFITT Gym,"20 Jurong West Street 93, S(648965)"
kap-mall,KAP Mall,9 King Albert Park S(598332)
kk-women-s-and-children-s-hospital,KK Women's and Children's Hospital,"100 Bukit Timah Road, S(229899)"
link-hotel-singapore,Link Hotel Singapore,"50 Tiong Bahru Road, S(168733)"
lot-one,Lot One,"21 Choa Chu Kang Avenue 4, S(689812)"
limbang-shopping-centre,Limbang Shopping Centre,"533 Choa Chu Kang Street 51, S(680533)"
mcdonald-s-jurong-central-park,Mcdonald's @ Jurong Central Park,"291 Boon Lay Way, S(649849)"
ministry-of-education-building-moe,Ministry of Education Building (MOE),"1 North Buona Vista Drive, S(138675)"
national-institute-of-education-nie,National Institute of Education (NIE),"1 Nanyang Walk, S(637616)"
memories-at-old-ford-factory-moff,Memories at Old Ford Factory (MOFF),"351 Upper Bukit Timah Road, S(588192)"
ntfgh-ng-teng-fong-general-hospital,NTFGH - Ng Teng Fong General Hospital,"1 Jurong East Street 21, S(609606)"
ngee-ann-polytechnic,Ngee Ann Polytechnic,"535 Clementi Road, S(599489)"
delfi-orchard,Delfi Orchard,402 Orchard Road Singapore 238876
national-university-hospital-nuh,National University Hospital (NUH),"5 Lower Kent Ridge Road, S(119074)"
elizabeth-hotel,Elizabeth Hotel,24 Mount Elizabeth Singapore 228518
enabling-village,Enabling Village,20 Lengkok Bahru Singapore 159053
delta-house,Delta House,2 Alexandra Road Singapore 159919
duo-tower,DUO Tower,3 Fraser Street
esplanade-theatres-on-the-bay,Esplanade - Theatres on the Bay,1 Esplanade Drive Singapore 038981
eon-shenton,Eon Shenton,70 Shenton Way Singapore 079118
environment-building,Environment Building,40 Scotts Road Singapore 228231
esplanade-mall,Esplanade Mall,8 Raffles Avenue Singapore 039802
euro-asia-centre,Euro-Asia Centre,15 Hoe Chiang Road Singapore 089316
ntu-car-park-c-d-e-f-g-i-j-p-q-r-s-hall-7,"NTU Car Park (C, D, E, F, G, I, J, P, Q, R, S, Hall 7)","50 Nanyang Avenue, S(639798)"
ntu-car-park-canteen-2,NTU Car Park (Canteen 2),"50 Nanyang Avenue, S(639798)"
ntu-car-park-adm,NTU Car Park (ADM),"50 Nanyang Avenue, S(639798)"
ntu-car-park-a-north-academic-complex,NTU Car Park A (North Academic Complex),"50 Nanyang Avenue, S(639798)"
ntu-car-park-spms,NTU Car Park (SPMS),"50 Nanyang Avenue, S(639798)"
ntu-car-park-h3-h4-h6-h8-h16-gh-nec-src,"NTU Car Park (H3, H4, H6, H8, H16, GH, NEC, SRC)","50 Nanyang Avenue, S(639798)"
ntu-car-park-nanyang-heights-nanyang-meadow-nanyang-view,"NTU Car Park (Nanyang Heights, Nanyang Meadow, Nanyang View)","50 Nanyang Avenue, S(639798)"
nus-car-park-10a-crisps,NUS Car Park 10A - CRISPS,Kent Ridge Road
ntu-sbs-car-park-school-of-biological-sciences,NTU SBS Car Park (School of Biological Sciences),"50 Nanyang Avenue, S(639798)"
ntu-car-park-b-south-academic-complex,NTU Car Park B (South Academic Complex),"50 Nanyang Avenue, S(639798)"
ntu-rtp-car-park-research-techno-plaza,NTU RTP Car Park (Research Techno Plaza),"50 Nanyang Avenue, S(639798)"
nus-car-park-12a-institute-of-systems-science,NUS Car Park 12A - Institute of Systems Science,"22 Heng Mui Keng Terrace, S(119615)"
nus-car-park-10b-prince-george-s-park-residences,NUS Car Park 10B - Prince George's Park Residences,Prince George's Park
nus-car-park-12b-icube,NUS Car Park 12B - ICube,21 Heng Mui Keng Terrace
nus-car-park-11-in-front-of-imre,NUS Car Park 11 - In front of IMRE,Research Link
nus-car-park-2,NUS Car Park 2,Engineering Drive 1
nus-car-park-16-lecture-theatre-11,NUS Car Park 16 - Lecture Theatre 11,Kent Ridge Drive
nus-car-park-2a-in-front-of-block-e3a,NUS Car Park 2A - In front of Block E3A,Engineering Drive 1
nus-car-park-15-in-front-of-temask-and-eusoff-halls,NUS Car Park 15 - In front of Temask and Eusoff Halls,Kent Ridge Drive
nus-car-park-2b,NUS Car Park 2B,Engineering Drive 1
nus-car-park-3-yong-siew-toh-conservatory-of-music,NUS Car Park 3 - Yong Siew Toh Conservatory of Music,Estate Office Drive
nus-car-park-4-raffles-hall-cfa-studios,NUS Car Park 4 - Raffles Hall / CFA Studios,Kent Ridge Crescent
nus-car-park-5-sports-and-recreation-centre,NUS Car Park 5 - Sports and Recreation Centre,Sports Drive 2
nus-car-park-6b-university-hall,NUS Car Park 6B - University Hall,Lower Kent Ridge Road
nus-car-park-car-park-1-in-front-of-sde,NUS Car Park Car Park 1 - In front of SDE,4 Architecture Drive
one-holland-village,One Holland Village,"7 Holland Village Way, S(275748)"
nus-museum-university-cultural-centre,NUS Museum (University Cultural Centre),"50 Kent Ridge Crescent, S(119279)"
reflections-at-bukit-chandu-rbc,Reflections at Bukit Chandu (RBC),"31K Pepys Road, S(118458)"
perennial-business-city,Perennial Business City,"1 Venture Avenue, S(608521)"
pantech-21,Pantech 21,"200 Pandan Loop, S(128388)"
raffles-country-club-rcc,Raffles Country Club (RCC),"450 Jalan Ahmad Ibrahim, S(639932)"
royal-selangor-pewter-museum,Royal Selangor Pewter Museum,"32 Pandan Road, S(609279)"
savoy-theatre,Savoy Theatre,"90 Boon Lay Place, S(238834)"
rutherford-building,Rutherford Building,"89 Science Park Drive, S(118261)"
safra-jurong,SAFRA Jurong,"333 Boon Lay Way, S(649848)"
singapore-institute-of-management-sim,Singapore Institute of Management (SIM),"461 Clementi Road, S(599491)"
singapore-discovery-centre-sdc,Singapore Discovery Centre (SDC),"510 Upper Jurong Road, S(638365)"
serene-centre,Serene Centre,"10 Jalan Serene, S(258748)"
singapore-science-centre,Singapore Science Centre,"15 Science Centre Road, S(609081)"
snow-city,Snow City,"21 Jurong Town Hall Road, S(609433)"
st-luke-hospital,St Luke Hospital,"2 Bukit Batok Street 11, S(659674)"
spring-singapore,SPRING Singapore,"2 Bukit Merah Central, S(159835)"
suites-bukit-timah,Suites @ Bukit Timah,"68 Jalan Jurong Kechil, S(596180)"
sungei-buloh-wetland-reserve,Sungei Buloh Wetland Reserve,"301 Neo Tiew Crescent, S(718925)"
taman-jurong-shopping-centre,Taman Jurong Shopping Centre,"399 Yung Sheng Road, S(610399)"
tan-chong-industrial-park,Tan Chong Industrial Park,"798 Upper Bukit Timah Road, S(678138)"
temasek-club,Temasek Club,"131 Rifle Range Road, S(588406)"
the-aquarius,The Aquarius,"21 Science Park Road, S(117628)"
the-capricorn,The Capricorn,"1 Science Park Road, S(117528)"
the-aries,The Aries,"51 Science Park Road, S(117586)"
the-alpha-science-park-ii,The Alpha (Science Park II),"10 Science Park Road, S(117684)"
the-frontier-community-club,The Frontier Community Club,"60 Jurong West Central 3, S(648346)"
the-chevrons,The Chevrons,"48 Boon Lay Way, S(609961)"
the-clementi-mall,The Clementi Mall,3155 Commonwealth Avenue West S(129588)
the-fleming,The Fleming,"59 Science Park Drive, S(118239)"
the-grandstand,The Grandstand,"720 Dunearn Road, S(789631)"
the-metropolis,The Metropolis,"9 North Buona Vista Drive, S(138588)"
the-galen-singapore-science-park-ii,"The Galen, Singapore Science Park II","61 Science Park Road, S(117525)"
the-gemini,The Gemini,"41 Science Park Road, S(117610)"
the-sports-stage,The Sports Stage,"200 Pandan Gardens, S(609336)"
the-star-vista,The Star Vista,"1 Vista Exchange Green, S(138617)"
the-singapore-mint,The Singapore Mint,"20 Teban Gardens Crescent, S(608928)"
the-strategy-international-business-park,The Strategy (International Business Park),"2 International Business Park, S(609930)"
tradehub-21,TradeHub 21,"8 Boon Lay Way, S(609964)"
tiong-bahru-plaza,Tiong Bahru Plaza,"302 Tiong Bahru Road, S(168732)"
the-synergy-international-business-park,The Synergy (International Business Park),"1 International Business Park, S(609917)"
tuas-vista,Tuas Vista,"2 Tuas South Avenue 2, S(637601)"
tuv-sud-psb,TUV SUD PSB,"1 Science Park Drive, S(118221)"
tye-soon-building,Tye Soon Building,"3C Toh Guan Road East, S(608832)"
valley-point,Valley Point,"491 River Valley Road, S(248371)"
vision-exchange,Vision Exchange,"2 Venture Drive, S(608526)"
west-mall,West Mall,"1 Bukit Batok Central Link, S(658713)"
wcega-plaza-tower,WCEGA Plaza & Tower,"1 Bukit Batok Crescent, S(658064)"
west-park-bizcentral,West Park BizCentral,"24 Pioneer Crescent, S(628557)"
west-coast-recreation-centre,West Coast Recreation Centre,"12 West Coast Walk, S(127157)"
west-point-family-hospital,West Point Family Hospital,"235 Corporation Drive, S(619771)"
westgate,Westgate,"3 Gateway Drive, S(608532)"
far-east-shopping-centre,Far East Shopping Centre,"545 Orchard Road, S(238882)"
fairmont-singapore,Fairmont Singapore,"80 Bras Basah Road, S(189560)"
far-eastern-bank-building,Far Eastern Bank Building,"156 Cecil Street, S(069544)"
far-east-plaza,Far East Plaza,"14 Scotts Road, S(228213)"
far-east-square,Far East Square,"42 Pekin Street, S(048772)"
farrer-park-sports-centre,Farrer Park Sports Centre,"2 Rutland Road, S(218253)"
fook-hai-building,Fook Hai Building,"150 South Bridge Road, S(058727)"
foot-care-limb-design-centre-flc,Foot Care & Limb Design Centre (FLC),"11 Jalan Tan Tock Seng, S(308433)"
fortune-centre,Fortune Centre,"190 Middle Road, S(188979)"
forum-the-shopping-mall,Forum The Shopping Mall,"583 Orchard Road, S(238884)"
fu-lu-shou-complex,Fu Lu Shou Complex,"149 Rochor Road, S(188425)"
frasers-tower,Frasers Tower,"182 Cecil Street, S(069547)"
four-seasons-hotel,Four Seasons Hotel,"190 Orchard Boulevard, S(248646)"
four-points-by-sheraton,Four Points by Sheraton,"382 Havelock Road, S(169629)"
sentosa-imbiah,Sentosa - Imbiah,Imbiah Road
sentosa-palawan-beach,Sentosa - Palawan Beach,Lighthouse Beach Walk
sentosa-beach-station,Sentosa - Beach Station,Beach View Road
sentosa-costa-sands-resort,Sentosa - Costa Sands Resort,Imbiah Walk
sentosa-cove-village,Sentosa Cove Village,"1 Clove Avenue, S(098537)"
sentosa-golf-club-sgc,Sentosa Golf Club (SGC),"27 Bukit Manis Road, S(099892)"
sentosa-tanjong-beach,Sentosa - Tanjong Beach,Tanjong Beach Walk
sgx-centre,SGX Centre,"2 Shenton Way, S(068804)"
fuji-xerox-towers,Fuji Xerox Towers,"80 Anson Road, S(079907)"
shangri-la-hotel,Shangri-La Hotel,"22 Orange Grove Road, S(258350)"
fullerton-bay-hotel,Fullerton Bay Hotel,"80 Collyer Quay, S(049326)"
shaw-centre,Shaw Centre,"1 Scotts Road, S(228208)"
shenton-house,Shenton House,"3 Shenton Way, S(068805)"
shaw-plaza,Shaw Plaza,"352 Balestier Road, S(329780)"
fullerton-hotel,Fullerton Hotel,"1 Fullerton Square, S(049178)"
shaw-house,Shaw House,"350 Orchard Road, S(238868)"
shriro-house,Shriro House,"11 Chang Charn Road, S(159640)"
shrewsbury-road,Shrewsbury Road,Shrewsbury Road
funan,Funan,"107 North Bridge Road, S(179105)"
sheraton-towers-singapore,Sheraton Towers Singapore,"39 Scotts Road, S(228230)"
furama-city-centre-singapore,Furama City Centre Singapore,"60 Eu Tong Sen Street, S(059804)"
sim-lim-square,Sim Lim Square,"1 Rochor Canal Road, S(188504)"
sim-lim-tower,Sim Lim Tower,"10 Jalan Besar, S(208787)"
furama-riverfront-singapore,Furama RiverFront Singapore,"405 Havelock Road, S(169633)"
singapore-chinese-cultural-centre,Singapore Chinese Cultural Centre,"1 Straits Boulevard, S(018906)"
singapore-botanic-gardens,Singapore Botanic Gardens,"1 Cluny Road, S(259569)"
galaxis,Galaxis,"1 & 3 Fusionopolis Place, S(138577)"
g-max-reverse-bungy-gx-5-xtreme-swing,G-MAX Reverse Bungy / GX-5 Xtreme Swing,"3E River Valley Road, S(179024)"
singapore-flyer,Singapore Flyer,"30 Raffles Avenue, S(039803)"
garden-hotel,Garden Hotel,"14 Balmoral Road, S(259800)"
mediapolis-one-north,Mediapolis @ One-North,"31 Media Circle, S(138564)"
gardens-by-the-bay,Gardens by the Bay,"18 Marina Gardens Drive, S(018953)"
gleneagles-hospital,Gleneagles Hospital,"6A Napier Road, S(258500)"
genting-centre,Genting Centre,"3 Lim Teck Kim Road, S(088934)"
singapore-land-tower,Singapore Land Tower,"50 Raffles Place, S(048623)"
gemini-sims,Gemini @ Sims,2 Sims Close S(387298)
singapore-recreation-club,Singapore Recreation Club,"B Connaught Drive, S(179682)"
singapore-marriott-hotel,Singapore Marriott Hotel,"320 Orchard Road, S(238865)"
singapore-pools-building,Singapore Pools Building,"210 Middle Road, S(188994)"
singapore-shopping-centre,Singapore Shopping Centre,"190 Clemenceau Avenue, S(239924)"
mess-hall-sentosa,Mess Hall - Sentosa,"2 Gunner Lane, S(099567)"
six-battery-road,Six Battery Road,"6 Battery Road, S(049909)"
smu-administration-building,SMU Administration Building,"81 Victoria Street, S(188065)"
mercure-singapore-bugis,Mercure Singapore Bugis,"112 Middle Road, S(188973)"
millenia-tower,Millenia Tower,"1 Temasek Avenue, S(039192)"
south-beach-tower,South Beach Tower,"38 Beach Road, S(189767)"
millenia-walk-basement-car-park,Millenia Walk (Basement Car Park),"9 Raffles Boulevard, S(039596)"
south-bridge-court,South Bridge Court,"22 Cross Street, S(048421)"
moh-college-of-medicine,MOH College of Medicine,"16 College Road, S(169854)"
south-point,South Point,"200 Cantonment Road, S(089763)"
millenia-walk-surface-car-park,Millenia Walk (Surface Car Park),"9 Raffles Boulevard, S(039596)"
miramar-hotel,Miramar Hotel,"401 Havelock Road, S(169631)"
square-2,Square 2,"10 Sinaran Drive, S(307506)"
mount-elizabeth-hospital,Mount Elizabeth Hospital,"3 Mount Elizabeth, S(228510)"
st-regis-singapore,St Regis Singapore,"29 Tanglin Road, S(247911)"
mount-elizabeth-novena-hospital,Mount Elizabeth Novena Hospital,38 Irrawaddy Road S(329563)
mountbatten-square,Mountbatten Square,"229 Mountbatten Road, S(398007)"
mount-sophia,Mount Sophia,
stamford-court,Stamford Court,"61 Stamford Road, S(178892)"
st-james-power-station,St. James Power Station,"3 Sentosa Gateway, S(098544)"
nankin-row,Nankin Row,"3 Pickering Street, S(048660)"
studio-m-hotel,Studio M Hotel,3 Nanson Road S(238910)
sultan-link,Sultan Link,"57 Mohamed Sultan Road, S(238997)"
mustafa-centre,Mustafa Centre,"145 Syed Alwi Road, S(207704)"
golden-landmark-shopping-complex,Golden Landmark Shopping Complex,390 Victoria Street S(188061)
nanyang-academy-of-fine-arts-nafa,Nanyang Academy Of Fine Arts (NAFA),"80 Bencoolen Street, S(189655)"
goldbell-towers,Goldbell Towers,"47 Scotts Road, S(228233)"
golden-mile-complex,Golden Mile Complex,"5001 Beach Road, S(199588)"
sultan-plaza,Sultan Plaza,"100 Jalan Sultan, S(199001)"
golden-mile-tower,Golden Mile Tower,6001 Beach Road S(199589)
suntec-city-mall,Suntec City Mall,"3 Temasek Boulevard, S(038983)"
sunshine-plaza,Sunshine Plaza,"91 Bencoolen Street, S(189652)"
swissotel-merchant-court-hotel,Swissotel Merchant Court Hotel,"20 Merchant Road, S(058281)"
suzue-psa-cold-storage,Suzue PSA Cold Storage,"43 Keppel Road, S(099418)"
goldhill-plaza,Goldhill Plaza,"1 Goldhill Plaza, S(308899)"
goodwood-park-hotel,Goodwood Park Hotel,"22 Scotts Road, S(228221)"
swissotel-the-stamford-hotel,Swissotel The Stamford Hotel,"2 Stamford Road, S(178882)"
grand-copthorne-waterfront-hotel,Grand Copthorne Waterfront Hotel,"392 Havelock Road, S(169663)"
grab-hq-one-north,Grab HQ @ One-North,"3 Media Close, S(138498)"
grand-hyatt-singapore,Grand Hyatt Singapore,"10 Scotts Road, S(228211)"
mount-faber-park,Mount Faber Park,"109 Mount Faber Road, S(099203)"
great-eastern-centre,Great Eastern Centre,"1 Pickering Street, S(048659)"
grand-park-city-hall,Grand Park City Hall,"10 Coleman Street, S(179809)"
grantral-mall,Grantral Mall,"3151 Commonwealth Avenue West, S(129581)"
guoco-tower,Guoco Tower,"1 Wallich Street, S(078883)"
great-world-city,Great World City,"1 Kim Seng Promenade, S(237994)"
harbourfront-centre-singapore-cruise-center,HarbourFront Centre / Singapore Cruise Center,"1 Maritime Square, S(099253)"
guoco-midtown,Guoco Midtown,128 Beach Road S(189773)
national-gallery-singapore,National Gallery Singapore,"1 Saint Andrew's Road, S(178957)"
national-dental-centre,National Dental Centre,"5 Second Hospital Avenue, S(168938)"
takashimaya-ngee-ann-city,"Takashimaya, Ngee Ann City","391 Orchard Road, S(238872)"
national-cancer-centre-singapore-nccs,"National Cancer Centre, Singapore (NCCS)","11 Hospital Drive, S(169610)"
maxwell-house,Maxwell House,38 Maxwell Road S(069116)
tan-boon-liat-building,Tan Boon Liat Building,"315 Outram Road, S(169074)"
harbourfront-tower-1,HarbourFront Tower 1,"1 HarbourFront Place, S(098633)"
hard-rock-hotel,Hard Rock Hotel,"8 Sentosa Gateway, S(098269)"
havelock-2,Havelock 2,"2 Havelock Road, S(059763)"
national-heart-centre-singapore,National Heart Centre Singapore,"5 Hospital Drive, S(169609)"
national-library-building,National Library Building,"100 Victoria Street, S(188064)"
national-skin-centre,National Skin Centre,"1 Mandalay Road, S(308205)"
neil-road,Neil Road,"110 Neil Rd, Singapore 088853"
north-bridge-centre,North Bridge Centre,"420 North Bridge Road, S(188727)"
negara-hotel,Negara Hotel,"10 Claymore Road, S(229540)"
new-bahru,New Bahru,46 Kim Yam Road
novena-gardens,Novena Gardens,"273 Thomson Road, S(307644)"
novena-regency,Novena Regency,"275 Thomson Road, S(307645)"
tan-tock-seng-hospital-ttsh,Tan Tock Seng Hospital (TTSH),"11 Jalan Tan Tock Seng, S(308433)"
novotel-singapore-on-stevens,Novotel Singapore On Stevens,"28 Stevens Road, S(257878)"
tang-plaza,Tang Plaza,"320 Orchard Road, S(238865)"
ntuc-income-centre,NTUC Income Centre,"75 Bras Basah Road, S(189557)"
oasia-hotel-downtown-singapore,"Oasia Hotel Downtown, Singapore","100 Peck Seah Street, S(079333)"
ntuc-prinsep-house,NTUC Prinsep House,"30 Prinsep Street, S(188647)"
ocbc-centre,OCBC Centre,"65 Chulia Street, S(049513)"
tanglin-mall,Tanglin Mall,"163 Tanglin Road, S(247933)"
oasia-hotel-singapore,Oasia Hotel Singapore,"8 Sinaran Drive, S(307470)"
tanglin-place,Tanglin Place,"91 Tanglin Road, S(247918)"
ocean-financial-centre,Ocean Financial Centre,"10 Collyer Quay, S(049315)"
odeon-towers,Odeon Towers,"331 North Bridge Road, S(188720)"
tanglin-post-office,Tanglin Post Office,"56 Tanglin Road, S(247964)"
tanglin-shopping-centre,Tanglin Shopping Centre,"19 Tanglin Road, S(247909)"
og-people-s-park,OG People's Park,"100 Upper Cross Street, S(059108)"
og-albert,OG Albert,"60 Albert Street, S(189969)"
tanjong-pagar-complex-covered-carpark,Tanjong Pagar Complex (Covered Carpark),"7 Keppel Road, S(089053)"
tanjong-pagar-complex-open-carpark,Tanjong Pagar Complex (Open Carpark),"7 Keppel Road, S(089053)"
one-dusun-residences,One Dusun Residences,"1 Jalan Dusun, S(329363)"
teletech-park-basement-car-park,Teletech Park (Basement Car Park),"20 Science Park Road, S(117674)"
one-fullerton-the-fullerton-heritage,One Fullerton - The Fullerton Heritage,"1 Fullerton Road, S(049213)"
tanjong-pagar-plaza,Tanjong Pagar Plaza,"1 Tanjong Pagar Plaza, S(082001)"
haw-par-centre,Haw Par Centre,"180 Clemenceau Avenue, S(239922)"
one-george-street,One George Street,"1 George Street, S(049145)"
textile-centre,Textile Centre,"200 Jalan Sultan, S(199018)"
the-adelphi,The Adelphi,"1 Coleman Street, S(179803)"
hb-centre-1,Hb Centre 1,"12 Tannery Road, S(347722)"
haw-par-villa,Haw Par Villa,"262 Pasir Panjang Road, S(118628)"
health-promotion-board,Health Promotion Board,"3 Second Hospital Avenue, S(168937)"
the-alexcier,The Alexcier,"237 Alexandra Road, S(159929)"
the-atrium-orchard,The Atrium @ Orchard,"60 Orchard Road, S(238889)"
the-cathay,The Cathay,"2 Handy Road, S(229233)"
one-marina-boulevard,One Marina Boulevard,"1 Marina Boulevard, S(018989)"
the-bencoolen,The Bencoolen,"180 Bencoolen Street, S(189646)"
the-centrepoint,The Centrepoint,"176 Orchard Road, S(238843)"
henderson-building,Henderson Building,"221 Henderson Road, S(159557)"
the-clift,The Clift,"21 Mccallum Street, S(069047)"
henderson-industrial-park-blk-213-to-219,Henderson Industrial Park Blk 213 to 219,"213 Henderson Road, S(159553)"
hilton-singapore-orchard,Hilton Singapore Orchard,"333 Orchard Road, S(238867)"
the-concourse,The Concourse,"298 Beach Road, S(199554)"
high-street-centre,High Street Centre,"1 North Bridge Road, S(179094)"
one-raffles-place,One Raffles Place,"1 Raffles Place, S(048616)"
one-shenton,One Shenton,"1 Shenton Way, S(068803)"
holiday-inn-express-singapore-orchard-road,Holiday Inn Express Singapore Orchard Road,"20 Bideford Road, S(229921)"
holiday-inn-singapore-atrium,Holiday Inn Singapore Atrium,"317 Outram Road, S(169075)"
one-raffles-quay,One Raffles Quay,1 Raffles Quay S(048583)
orchard-building,Orchard Building,"1 Grange Road, S(239693)"
orchard-central,Orchard Central,"181 Orchard Road, S(238896)"
orchard-credit-building,Orchard Credit Building,"1 Chang Charn Road, S(159630)"
holiday-inn-singapore-orchard-city-centre,Holiday Inn Singapore Orchard City Centre,"11 Cavenagh Road, S(229616)"
hong-lim-complex,Hong Lim Complex,531 Upper Cross Street S(050531)
hong-leong-building,Hong Leong Building,"16 Raffles Quay, S(048581)"
orchard-gateway,Orchard Gateway,"277 Orchard Road, S(238858)"
the-gateway-150-beach-road,The Gateway @ 150 Beach Road,"150 Beach Road, S(189720)"
orchard-grand-court,Orchard Grand Court,"131 Killiney Road, S(239571)"
the-heeren,The Heeren,"260 Orchard Road, S(238855)"
the-herencia,The Herencia,"46 Kim Yam Road, S(239351)"
the-lawn-marina-bay,The Lawn @ Marina Bay,"12 Marina Boulevard, S(018982)"
orchard-plaza,Orchard Plaza,"150 Orchard Road, S(238841)"
hortpark,HortPark,"33 Hyderabad Road, S(119578)"
the-luxe,The Luxe,"6 Handy Road, S(229234)"
orchard-hotel-singapore,Orchard Hotel Singapore,"442 Orchard Road, S(238879)"
hotel-boss,Hotel Boss,"500 Jalan Sultan, S(199020)"
hotel-fort-canning-entrance-2,Hotel Fort Canning (Entrance 2),"11 Canning Walk, S(178881)"
hotel-fort-canning-entrance-1,Hotel Fort Canning (Entrance 1),"11 Canning Walk, S(178881)"
the-mint-museum-of-toys,The Mint Museum of Toys,"26 Seah Street, S(188382)"
hotel-g-singapore,Hotel G Singapore,"200 Middle Road, S(188980)"
orchard-point,Orchard Point,"160 Orchard Road, S(238842)"
hotel-grand-pacific,Hotel Grand Pacific,"101 Victoria Street, S(188018)"
hotel-jen-at-tanglin,Hotel Jen at Tanglin,"1A Cuscaden Road, S(249716)"
the-national-museum-of-singapore,The National Museum of Singapore,"93 Stamford Road, S(178897)"
the-pinnacle-duxton,The Pinnacle @ Duxton,"1 Cantonment Road, S(080001)"
orchard-rendezvous-hotel,Orchard Rendezvous Hotel,"1 Tanglin Road, S(247905)"
the-pier-at-robertson,The Pier at Robertson,"80 Mohamed Sultan Road, S(239013)"
the-quayside,The Quayside,"60 Robertson Quay, S(238252)"
orchid-hotel,Orchid Hotel,"1 Tras Link, S(078867)"
orchard-towers,Orchard Towers,"400 Orchard Road, S(238875)"
the-plaza,The Plaza,"7500 Beach Road, S(199590)"
hotel-re,Hotel Re!,175A Chin Swee Road S(169879)
hotel-michael,Hotel Michael,"8 Sentosa Gateway, S(098269)"
oriental-plaza,Oriental Plaza,"291 New Bridge Road, S(088756)"
the-ritz-carlton-millenia-singapore,"The Ritz Carlton, Millenia Singapore","7 Raffles Avenue, S(039799)"
hotel-rendezvous,Hotel Rendezvous,"9 Bras Basah Road, S(189559)"
oue-bayfront,OUE Bayfront,"50 Collyer Quay, S(049321)"
oue-downtown-1,OUE Downtown 1,"6 Shenton Way, S(068809)"
the-riverwalk,The Riverwalk,"20 Upper Circular Road, S(055416)"
the-sail-marina-bay,The Sail @ Marina Bay,2 Marina Boulevard S(018987)
the-ura-centre-basement-car-park,The URA Centre (Basement Car Park),"45 Maxwell Road, S(069118)"
hotel-royal-queens,Hotel Royal Queens,"12 Queen Street, S(188553)"
oue-downtown-2,OUE Downtown 2,"6 Shenton Way, S(068809)"
outram-community-hospital-singhealth-tower,Outram Community Hospital (SingHealth Tower),"10 Hospital Boulevard, S(168582)"
the-ura-centre-east-wing,The URA Centre East Wing,"45 Maxwell Road, S(069118)"
hua-song-museum,Hua Song Museum,"262 Pasir Panjang Road, S(118628)"
hub-synergy,Hub Synergy,"70 Anson Road, S(079905)"
outram-road-off-street,Outram Road Off-Street,"231 Outram Road, S(169040)"
pacific-plaza,Pacific Plaza,"9 Scotts Road, S(228210)"
ibis-singapore-on-bencoolen-hotel,Ibis Singapore On Bencoolen Hotel,"170 Bencoolen Street, S(189657)"
the-village-centre,The Village Centre,"3 South Buona Vista Road, S(118136)"
thomson-medical-centre,Thomson Medical Centre,"339 Thomson Road, S(307677)"
icon-village,Icon Village,"12 Gopeng Street, S(078877)"
thong-chai-building,Thong Chai Building,"50 Chin Swee Road, S(169874)"
palais-renaissance,Palais Renaissance,"390 Orchard Road, S(238871)"
intercontinental-robertson-quay,InterContinental Robertson Quay,"1 Nanson Road, S(238909)"
pan-pacific-hotel,Pan Pacific Hotel,"7 Raffles Boulevard, S(039595)"
income-raffles,Income@Raffles,"16 Collyer Quay, S(049318)"
inter-continental-singapore-hotel,Inter-continental Singapore Hotel,"80 Middle Road, S(88966)"
pan-pacific-orchard,Pan Pacific Orchard,"10 Claymore Road, S(229540)"
pan-pacific-serviced-suites-orchard,Pan Pacific Serviced Suites Orchard,"96 Somerset Rd, S(238163)"
international-building,International Building,"360 Orchard Road, S(238869)"
paragon,Paragon,"290 Orchard Road, S(238859)"
park-regis-singapore,Park Regis Singapore,"23 Merchant Road, S(058268)"
park-hotel-farrer-park,Park Hotel Farrer Park,10 Farrer Park Station Road S(217564)
thye-hong-centre,Thye Hong Centre,2 Leng Kee Road S(159086)
parklane-shopping-mall,Parklane Shopping Mall,"35 Selegie Road, S(188307)"
tiong-bahru-market,Tiong Bahru Market,"30 Seng Poh Road, S(168898)"
parkroyal-kitchener-road-4th-floor,Parkroyal @ Kitchener Road (4th Floor),"181 Kitchener Road, S(208533)"
trio,Trio,"11 Sam Leong Road, S(207903)"
international-plaza,International Plaza,"10 Anson Road, S(079903)"
twenty-anson,Twenty Anson,"20 Anson Road, S(079912)"
parkroyal-collection-marina-bay,Parkroyal Collection Marina Bay,"6 Raffles Boulevard, S(039594)"
parkroyal-collection-pickering,PARKROYAL COLLECTION Pickering,"3 Upper Pickering Street, S(058289)"
tripleone-somerset,TripleOne Somerset,"111 Somerset Road, S(238164)"
ion-orchard,Ion Orchard,"2 Orchard Turn, S(238801)"
ue-bizhub-west,UE BizHub West,"450 Alexandra Road, S(119960)"
parkroyal-on-beach-road-hotel-driveway,PARKROYAL on Beach Road (Hotel Driveway),"7500A Beach Road, S(199591)"
ubs-singapore,UBS Singapore,"9 Penang Road, S(238459)"
united-square-shopping-mall,United Square Shopping Mall,"101 Thomson Road, S(307591)"
jalan-besar-sports-centre,Jalan Besar Sports Centre,"100 Tyrwhitt Road, S(207542)"
uic-building,UIC Building,"5 Shenton Way, S(068808)"
ue-square,UE Square,"81 Clemenceau Avenue, S(239917)"
joo-chiat-neighbourhood-centre,Joo Chiat Neighbourhood Centre,"2 Joo Chiat Road, S(420002)"
up-robertson-quay,Up @ Robertson Quay,"90 Robertson Quay, S(238259)"
uob-plaza,UOB Plaza,"80 Raffles Place, S(048624)"
v-hotel-lavender,V Hotel Lavender,"70 Jellicoe Road, S(208767)"
kallang-car-park-1-kallang-h,Kallang Car Park 1 (Kallang H),"200 Stadium Boulevard, S(397726)"
velocity-novena-square,Velocity @ Novena Square,"238 Thomson Road, S(307683)"
victoria-wholesale-centre,Victoria Wholesale Centre,"101 Kallang Avenue, S(339508)"
vantage-automotive-centre,Vantage Automotive Centre,"305 Alexandra Road, S(159942)"
visioncrest,VisionCrest,"33 Oxley Rise, S(238467)"
viio-balestier,VIIO @ Balestier,"520 Balestier Road, S(329853)"
kallang-car-park-2-netball-centre,Kallang Car Park 2 (Netball Centre),"6 Stadium Boulevard, S(397797)"
village-residence-robertson-quay,Village Residence Robertson Quay,"30 Robertson Quay, S(238251)"
keck-seng-tower,Keck Seng Tower,133 Cecil Street S(069535)
katong-swimming-complex,Katong Swimming Complex,"111 Wilkinson Road, S(436752)"
kallang-theatre,Kallang Theatre,"1 Stadium Walk, S(397689)"
kallang-car-park-3-tennis-centre,Kallang Car Park 3 (Tennis Centre),"8 Stadium Boulevard, S(397796)"
voco-orchard-singapore,voco Orchard Singapore,"581 Orchard Road, S(238883)"
keppel-towers,Keppel Towers,"10 Hoe Chiang Road, S(089315)"
vivocity,VivoCity,"1 HarbourFront Walk, S(098585)"
keppel-bay-tower,Keppel Bay Tower,"1 Harbourfront Avenue, S(098632)"
westway,WestWay,"27 West Coast Highway, S(117867)"
w-singapore-sentosa-cove,W Singapore Sentosa Cove,"21 Ocean Way Sentosa, S(098374)"
wheelock-place,Wheelock Place,"501 Orchard Road, S(238880)"
kreta-ayer-people-s-theatre,Kreta Ayer People's Theatre,"30A Kreta Ayer Road, S(088997)"
kwong-wai-shui-hospital,Kwong Wai Shui Hospital,"705 Serangoon Road, S(328127)"
labrador-nature-reserve-car-park-a-and-b,Labrador Nature Reserve (Car Park A and B),"Labrador Villa Road, S(001340)"
wilby-central,Wilby Central,"15 Queen Street, S(188537)"
landmark-village-hotel,Landmark Village Hotel,"390 Victoria Street, S(188061)"
lasalle-college-of-the-arts,Lasalle College of the Arts,"1 McNally Street, S(187940)"
parkroyal-on-beach-road-mscp,PARKROYAL on Beach Road (MSCP),"7500A Beach Road, S(199591)"
wilkie-edge,Wilkie Edge,"8 Wilkie Road, S(228095)"
parkview-square,Parkview Square,"600 North Bridge Road, S(188778)"
parliament-house,Parliament House,"1 Parliament Place, S(178880)"
parkwayhealth-day-surgery-and-medical-centre,ParkwayHealth Day Surgery and Medical Centre,"363 Balestier Road, S(329784)"
lazada-one,Lazada One,"51 Bras Basah Road, S(189554)"
pasir-panjang-ferry-terminal,Pasir Panjang Ferry Terminal,"35 West Coast Highway, S(117862)"
winsland-house-1,Winsland House 1,"3 Killiney Road, S(239519)"
passion-wave-marina-bay,PAssion WaVe @ Marina Bay,"11 Rhu Cross, S(437440)"
wisma-atria,Wisma Atria,"435 Orchard Road, S(238877)"
winsland-house-2,Winsland House 2,"163 Penang Road, S(238463)"
yan-kit-road-cantonment-road-off-street,Yan Kit Road / Cantonment Road Off-Street,"200 Yan Kit Road, S(088278)"
pearl-bank-off-street,Pearl Bank Off Street,"1 Pearl Bank, S(169016)"
yong-pung-how-school-of-law-smu,Yong Pung How School of Law (SMU),"55 Armenian Street, S(179943)"
peace-centre,Peace Centre,"1 Sophia Road, S(228149)"
young-men-s-christian-association-of-singapore-ymca,Young Men's Christian Association Of Singapore (YMCA),"1 Orchard Road, S(238824)"
york-hotel,York Hotel,"21 Mount Elizabeth, S(228516)"
young-women-christian-association-ywca-fort-canning-lodge,Young Women Christian Association (YWCA) Fort Canning Lodge,"6 Fort Canning Road, S(179494)"
yotel-singapore,YOTEL Singapore,"366 Orchard Rd, S(238904)"
liat-towers,Liat Towers,"541 Orchard Road, S(238881)"
lee-kong-chian-school-of-medicine-lkcmedicine,Lee Kong Chian School of Medicine (LKCMedicine),"11 Mandalay Road, S(308232)"
zhongshan-mall,Zhongshan Mall,"20 Ah Hood Road, S(329984)"
lee-kong-chian-school-of-business-smu,Lee Kong Chian School of Business (SMU),"50 Stamford Road, S(178899)"
lumiere,Lumiere,"2 Mistri Road, S(079624)"
luzerne,Luzerne,"70 Bendemeer Road, S(339940)"
link-896,Link@896,"896 Dunearn Road, S(589472)"
lucky-plaza,Lucky Plaza,"304 Orchard Road, S(238863)"
m-hotel,M Hotel,"81 Anson Road, S(079908)"
manulife-tower,Manulife Tower,"8 Cross Street, S(048424)"
mapletree-business-city,Mapletree Business City,"20 Pasir Panjang Road, S(117439)"
mandarin-gallery,Mandarin Gallery,"333A Orchard Road, S(238897)"
penang-road,Penang Road,Penang Road
people-s-park-centre,People's Park Centre,"101 Upper Cross Street, S(058357)"
peck-seah-street-off-street,Peck Seah Street Off Street,"23 Peck Seah Street, S(079313)"
peninsula-excelsior-hotel,Peninsula Excelsior Hotel,"5 Coleman Street, S(179805)"
plus,PLUS,"20 Cecil Street, S(049705)"
psb-academy-campus-delta,PSB Academy Campus @ Delta,"355 Jalan Bukit Ho Swee, S(169567)"
plaza-singapura,Plaza Singapura,"68 Orchard Road, S(238839)"
people-s-park-complex,People's Park Complex,"1 Park Road, S(059108)"
marina-at-keppel-bay,Marina at Keppel Bay,"2 Keppel Bay Vista, S(098382)"
marina-bay-cruise-centre-singapore-mbccs,Marina Bay Cruise Centre Singapore (MBCCS),"61 Marina Coastal Drive, S(018947)"
marina-barrage,Marina Barrage,"8 Marina Gardens Drive, S(018951)"
marina-bay-financial-centre-tower-1,Marina Bay Financial Centre Tower 1,"8 Marina Boulevard, S(018981)"
marina-bay-link-mall,Marina Bay Link Mall,8A Marina Boulevard S(018984)
marina-bay-financial-centre-tower-3,Marina Bay Financial Centre Tower 3,10 Marina Boulevard S(018983)
marina-bay-financial-centre-tower-2,Marina Bay Financial Centre Tower 2,10 Marina Boulevard S(018983)
public-carpark-peranakan-museum,Public carpark (Peranakan Museum),"39 Armenian Street, S(179941)"
quality-hotel-singapore,Quality Hotel Singapore,"201 Balestier Road, S(329926)"
marina-bay-open-carpark,Marina Bay Open Carpark,"11 Marina Boulevard, S(018940)"
pullman-singapore-orchard,Pullman Singapore Orchard,"270 Orchard Road, S(238857)"
marina-bay-sands-mbs,Marina Bay Sands (MBS),"10 Bayfront Ave, S(018970)"
quayside-isle-sentosa-cove,Quayside Isle @ Sentosa Cove,"31 Ocean Way, Sentosa Cove, S(098375)"
queensway-shopping-centre,Queensway Shopping Centre,"1 Queensway, S(149053)"
raffles-city,Raffles City,"252 North Bridge Road, S(179103)"
marina-one,Marina One,"5 Straits View, S(018935)"
raffles-hospital,Raffles Hospital,"585 North Bridge Road, S(188770)"
marina-south-pier-msp,Marina South Pier (MSP),"31 Marina Coastal Drive, S(018988)"
raffles-hotel,Raffles Hotel,"1 Beach Road, S(189673)"
marina-square,Marina Square,"6 Raffles Boulevard, S(039594)"
marsh-and-mclennan-centre,Marsh and McLennan Centre,"18 Cross Street, S(048423)"
raffles-town-club,Raffles Town Club,"1 Plymouth Avenue, S(297753)"
raffles-quay,Raffles Quay,"1 Raffles Quay, S(048583)"
maritime-square-d-off-street,Maritime Square D Off Street,"1 Maritime Square, S(099253)"
regency-house,Regency House,"121 Penang Road, S(238464)"
regent-hotel-basement-parking,Regent Hotel (Basement Parking),"1 Cuscaden Road, S(249715)"
regent-hotel-cuscaden-parking,Regent Hotel (Cuscaden Parking),"1 Cuscaden Road, S(249715)"
red-dot-design-museum,Red Dot Design Museum,"11 Marina Boulevard, S(018940)"
relc-international-hotel,RELC International Hotel,"30 Orange Grove Road, S(258352)"
ren-ci-community-hospital,Ren Ci Community Hospital,"71 Irrawaddy Road, S(329562)"
resorts-world-sentosa-rws,Resorts World Sentosa (RWS),"8 Sentosa Gateway, S(098269)"
republic-plaza,Republic Plaza,"9 Raffles Place, S(048619)"
robertson-quay-hotel,Robertson Quay Hotel,"15 Merbau Road, S(239032)"
robertson-walk,Robertson Walk,"11 Unity Street, S(237995)"
revenue-house-iras,Revenue House (IRAS),"55 Newton Road, S(307987)"
riverside-point,Riverside Point,"30 Merchant Road, S(058282)"
robinson-point,Robinson Point,"39 Robinson Road, S(068911)"
robinson-77,Robinson 77,"77 Robinson Road, S(068896)"
rochester-mall,Rochester Mall,"33 Rochester Drive, S(138639)"
royal-hotel,Royal Hotel,"36 Newton Road, S(307964)"
samsung-hub,Samsung Hub,"3 Church Street, S(049483)"
royal-plaza-on-scotts,Royal Plaza on Scotts,"25 Scotts Road, S(228220)"
school-of-the-arts-singapore,School of the Arts Singapore,"1 Zubir Said Drive, S(227968)"
royal-square-novena,Royal Square @ Novena,"101 Irawaddy Road, S(329565)"
seah-im-carpark,Seah Im Carpark,2 Seah Im Road S(099114)
scotts-square,Scotts Square,"6 Scotts Road, S(228209)"
tong-eng-building,Tong Eng Building,"101 Cecil Street, S(069533)"
gr-id,GR.iD,"1 Selegie Road, S(188306)"
cairnhill-nine,Cairnhill Nine,
oakwood-studios-singapore,Oakwood Studios Singapore,
the-woogrove,The Woogrove,"30 Woodlands Ave 1, Singapore 739065"
coliwoo-orchard,Coliwoo Orchard,
